id,chap_id,no,title
11,1,1,The Elements of Programming
12,1,2,Procedures and the Processes They Generate
13,1,3,Formulating Abstractions with Higher-Order Procedures
21,2,1,Introduction to Data Abstraction
22,2,2,Hierarchical Data and the Closure Property
23,2,3,Symbolic Data
24,2,4,Multiple Representations for Abstract Data
25,2,5,Systems with Generic Operations
31,3,1,Assignment and Local State
32,3,2,The Environment Model of Evaluation
33,3,3,Modeling with Mutable Data
34,3,4,Concurrency: Time Is of the Essence
35,3,5,Streams
41,4,1,The Metacircular Evaluator
42,4,2,Variations on a Scheme -- Lazy Evaluation
43,4,3,Variations on a Scheme -- Nondeterministic Computing
44,4,4,Logic Programming
51,5,1,Designing Register Machines
52,5,2,A Register Machine Simulator
53,5,3,Storage Allocation and Garbage Collection
54,5,4,The Explicit-Control Evaluator
55,5,5,Compilation
